"Zone","NumSites","NumStrings","TotalMaxN","MeanMaxNPerString","SEMaxNPerString","TotalBiomass_kg","MeanBiomassPerString","SEBiomassPerString","TotalSpeciesRichness","MeanSpeciesRichness","SESpeciesRichness","TotalFamilyRichness","MeanFamilyRichness","SEFamilyRichness"
"PNMS North",3,8,194,24.25,12.1900867218291,30.84097,3.85512125,1.39797751722857,8,2.5,0.462910049886276,6,2.375,0.375
"DFZ West",4,8,270,33.75,19.9640301542549,45.90914,5.7386425,3.08537903198801,18,5.625,0.754451077652772,8,4.5,0.534522483824849
"PNMS South",4,12,170,14.1666666666667,4.73035544396641,119.37291,9.9477425,4.33168438493534,11,3.58333333333333,0.43446821087696,8,3.08333333333333,0.287579589334883
